{
  "title": "A versatilidade dos lenços, onde e como usar?",
  "date": "",
  "thumbnail": "/img/uploads/banner-lencos.webp",
  "description": "Você já deve ter percebido que os lenços viraram uma febre na moda. Ele está aparecendo no cabelo, no pescoço, no pulso, na cintura, na alça da bolsa. São varias formas de aproveitar essa tendência e dar um toque especial ao visual.",
  "body": "Temos uma infinidade de tipos de lenços, desde os lisos aos estampados. Tecidos de algodão mais encorpado como as bandanas ou tecidos transparentes, fininhos e fluidos como o chiffon, sem esquecer também dos acetinados.\n\n**Como escolher a estampa**\n\nO lenço ser liso ou estampado vai depender do efeito que você queira dar ao visual. É possível unir duas estampas, mas requer um pouco mais de atenção. Uma dica infalível é usar lenço estampados quando o look é liso, sem estampa, ou o contrário, usar o lenço liso, sem estampa em looks estampados. Se a estampa não for muito over, é possível usar os lenços em degradê que possuem várias cores, mas não tem estampa.\n\n**Como escolher o tamanho**\n\nO tamanho também vai variar com o local a ser usado, por exemplo, em alças de bolsas os quadradinhos caem bem, o tecido pode ser de vários tipos, algodão, chiffon ou acetinado, todos caem bem. O tamanho mais discreto é o de 50 x 50 cm que dá um destaque na bolsa sem ficar arrastando por aí... Ainda um 70 x 70 cm se a bolsa for grande ainda cai bem, maior que isso vai ficar desproporcional.\n\nPara cintura, observe que ele será amarrado pelas diagonais, o mais adequado é um 70 x 70 cm para cinturas pequenas, para cinturas maiores o 90 x 90 cm vai ficar mais confortável.\n\nPara cabelo e pescoço os de 50 x 50 cm são uma boa pedida. Já para o pescoço com fluidez e comprimento tipo echarpe escolha um retangular. Aí as medidas variam um pouco na largura e comprimento, mas sendo retangular vai cumprir seu papel.\n\n**Posso misturar cores?**\n\nSim, as cores são mais fáceis de harmonizar do que as estampas, você pode usar um tom sobre tom que não tem erro, ou escolher cores da mesma paleta, ou ainda as cores contrastantes, veja numa paleta de cores qual a cor complementar da sua cor escolhida como base, no caso a cor da roupa. Ele também pode combinar com os acessórios, sapatos e nesse caso serve de complemento para fechar o look.\n\nEssas foram nossas dicas de hoje, se você tem outras dicas interessantes ou comentários a a acrescentar mande um email pra nós nos contando.\n\nDica extra: na nossa loja você pode filtrar os lenços por quadrado e retangular, assim ajuda na hora da escolha.\n\nPor fim, fica aqui o link da nossa loja com inúmeros lenços, echarpes, pashminas e bandanas para você escolher a sua:** <https://www.artestore.com.br/lencos-echarpes-cachecois-pashminas/>**",
  "meta_title": "Dicas de como e onde usar os lenços para seguir as tendências da moda",
  "meta_description": "Temos uma infinidade de tipos de lenços, desde os lisos aos estampados. Tecidos de algodão mais encorpado como as bandanas ou tecidos transparentes, fininhos e fluidos como o chiffon, sem esquecer também dos acetinados.",
  "sections": [
    {
      "type": "responsive-banner",
      "img": "/img/uploads/lenco-bandana-echarpe-pashmina-como-usar_1.webp",
      "alt": "Várias Formas de Usar Lenço",
      "link": "https://www.artestore.com.br/lencos-echarpes-cachecois-pashminas/",
      "mobile_img": "/img/uploads/dicas-de-como-usar-lencos.webp"
    },
    {
      "type": "blog-post",
      "enabled": true
    },
    {
      "type": "collection-shelf",
      "shuffle": true,
      "collection_id": "5ec1a408126b0d057213ac37:categories:Lenços:/lencos-echarpes-cachecois-pashminas/",
      "title": "Mais Vendidos",
      "link": "https://www.artestore.com.br/lencos-echarpes-cachecois-pashminas/",
      "limit": 8,
      "sort": "sales"
    },
    {
      "type": "blog",
      "enabled": true
    }
  ]
}