{
  "date": "2021-02-27T00:33:13.228Z",
  "title": "Tipos e Modelos de Bolsas",
  "description": "Veja algumas nomenclaturas, tipos e estilos de bolsas\nAqui uma descrição de quais modelos de bolsas e como são classificadas.\nE também qual o melhor estilo de bolsa para cada ocasião.",
  "body": "#### Bolsa carteira\n\nA **carteira** deixou de ser uma bolsa que serve apenas para guardar pertences como documentos e dinheiro e passou a ser um acessório para compor looks e hoje aparece em modelos mais variados e cheios de estilos.\n\nSuas principais características são as divisórias internas e o tamanho que permite que ela seja carregada na mão.\n\n![](/img/uploads/tipo-de-bolsa-carteira.png \"Tipo de bolsa carteira de mão\")\n\n#### Clutch\n\nA bolsa **clutch** é a famosa bolsa de festa. A cada dia elas aparecem em designs mais inovadores, mostrando a força desse item para compor looks de festa. Há modelos estruturados e modelos mais maleáveis, modelos mais minimalistas e outros cheios de detalhes como glitter, pedraria e outras aplicações. Sua principal diferença em relação à bolsa carteira é o acabamento e o material que são mais sofisticados.\n\n![](/img/uploads/tipo-de-bolsa-clutch.png \"Tipo de bolsa cluch\")\n\n#### Bolsa baú\n\nA bolsa consagrada pela marca Louis Vuitton nas mãos da atriz Audrey Hepburn, hoje aparece em coleções de diversas marcas e nas mais diferentes releituras. Sua principal característica é o formato arredondado que se assemelha à um baú. Em geral, suas alças são curtas, o que faz com que ela tenha que ser carregada na mão.\n\n![](/img/uploads/tipo-de-bolsa-bau.png \"Tipo de bolsa baú\")\n\n#### Mochila\n\nA bolsa **mochila** é uma bolsa útil para aqueles momentos em que você precisa de praticidade e braços livres, porém pode ser também um acessório cheio de estilo para arrematar um look mais despojado. Em geral, possuem alças finas e fechamento com amarração ou zíper e fivela por fora. Podem aparecer em modelos de tamanho médio ou grande.\n\n![](/img/uploads/tipo-de-bolsa-mochila.png \"Bolsa Tipo Mochila\")\n\n#### Bolsa de ombro\n\nAs bolsas de ombro são grandes companheiras das mulheres, e pode-se dizer que toda mulher já teve ou terá uma algum dia. Costumam ser modelos grandes ou médios, para caber tudo que as mulheres precisam levar na bolsa. Os modelos podem ser mais arredondados, retangulares, estruturados ou não ou ainda com uma ou duas alças.\n\n![](/img/uploads/tipo-de-bolsa-de-ombro.png \"Tipo de Bolsa de Ombro\")\n\n#### Bolsa Sacola\n\nO nome alternativo deste tipo de bolsa poderia tranquilamente ser “bolsa prática”. Sempre em tamanho grande para que se possa carregar tudo o que precisa, essa opção se encaixa em todas as estações do ano e pode compor looks bem fashionistas. Existem muitos modelos de bolsa sacola para viagens, reuniões de trabalho, um dia na praia ou outro evento que em que precisará passar um tempo substancial fora de casa.\n\n![](/img/uploads/tipo-de-bolsa-sacola.png \"Bolsa Tipo Sacola\")\n\n#### Bolsa Redonda\n\nBem fashionista, esse modelo se encaixa em todos os momentos, basta escolher o material certo. Como o próprio nome já diz, a bolsa redonda é caracterizada por seu formato circular e dificilmente é encontrada em tamanhos grandes. Use-a na transversal, nas mãos ou nos ombros, de acordo com o tamanho das alças. Bolsas redondas são adequadas para qualquer ocasião.\n\n![](/img/uploads/tipo-de-bolsa-redonda.png \"Bolsa tipo redonda\")\n\n#### Bolsa tiracolo pequena \n\nEsse é um modelo muito prático e útil de bolsa, tanto para usar de dia quanto à noite para ir à um barzinho ou balada onde você não queira ficar segurando a bolsa. Seu tamanho discreto faz com que essa bolsa seja interessante para momentos em que a bolsa não é um ponto chave na produção. Elas podem aparecer em modelos quadrados ou arredondados, sempre com uma longa alça transversal.\n\n![](/img/uploads/tipo-de-bolsa-tiracolo-pequena.png \"Tipo de bolsa a tiracolo pequena\")\n\n#### Bolsa carteiro\n\nA **bolsa carteiro** é uma bolsa em tamanho médio ou grande que se assemelha às bolsas de carteiro e possuem alça transversal longa e resistente. São práticas para quem quer ficar com as mãos livres e precisa carregar vários itens na bolsa.\n\n![](/img/uploads/tipo-de-bolsa-carteiro.png \"Bolsa tipo carteiro\")",
  "meta_description": "Aqui uma descrição de quais modelos de bolsas e como são classificadas  E também qual o melhor estilo de bolsa para cada ocasião.",
  "meta_title": "Tipos e Modelos de Bolsas e como usar",
  "sections": [
    {
      "type": "responsive-banner",
      "img": "/img/uploads/tipos-e-modelos-de-bolsas.webp",
      "alt": "Tipos e Modelos de Bolsas",
      "mobile_img": "/img/uploads/tipos-e-modelos-de-bolsas-m.webp"
    },
    {
      "type": "blog-post",
      "enabled": true
    },
    {
      "type": "collection-shelf",
      "shuffle": false,
      "limit": 9,
      "page": 1,
      "collection_id": "5ec2faa8126b0d057213d0d1:collections:Bolsas de Praia:/vitrine",
      "title": "Bolsas Mais Vendidas",
      "link": "https://www.artestore.com.br/bolsas-de-praia/",
      "sort": "sales"
    },
    {
      "type": "collection-shelf",
      "shuffle": false,
      "limit": 12,
      "page": 1,
      "title": "Clutches mais vendidas",
      "link": "https://www.artestore.com.br/clutches-e-carteiras/",
      "collection_id": "5f4d76c17430f92180ea9839:categories:Clutch e Carteiras:/clutches-e-carteiras/",
      "sort": "sales"
    },
    {
      "type": "blog",
      "enabled": true
    }
  ],
  "thumbnail": "/img/uploads/banners-palha.webp"
}