{
  "sections": [
    {
      "type": "breadcrumbs",
      "enabled": true
    },
    {
      "type": "page-title"
    },
    {
      "type": "document-banner",
      "enabled": true
    },
    {
      "type": "category-retail",
      "enabled": true,
      "sort": "sales"
    },
    {
      "type": "document-description",
      "enabled": true
    },
    {
      "type": "responsive-banner",
      "img": "/img/uploads/compre-e-ganhe-aromatizador.webp",
      "alt": "Compre e Ganhe Aromatizador Bambu",
      "mobile_img": "/img/uploads/compre-e-ganhe-aromatizador-m.webp"
    }
  ]
}