{
  "description": {
    "title": "Artestore, Bolsas de Praia e Acessórios Feitos à Mão",
    "text": "Moda sustentável, produção artesanal feita à mão com carinho e amor. Nossa principal matéria prima é a palha, trançada por artesãos de várias regiões do Brasil, que chega às nossas mãos para ganhar formas e cores. Prezamos pela valorização do trabalho artesanal, sem exploração da mão de obra de nossos artesãos e sem a prática de preços abusivos para nossos clientes. Acreditamos que assim, estamos fazemos a diferença, comercializando produtos de qualidade com responsabilidade."
  },
  "links_1": {
    "list_pages": false,
    "title": "Mais Informações",
    "list": [
      {
        "text": "- Condições de Entrega",
        "url": "https://www.artestore.com.br/pages/entrega"
      },
      {
        "text": "- Formas de Pagamento",
        "url": "https://www.artestore.com.br/pages/pagamentos"
      },
      {
        "text": "- Trocas e Devoluções",
        "url": "https://www.artestore.com.br/pages/trocas"
      },
      {
        "text": "- Política de Privacidade",
        "url": "https://www.artestore.com.br/pages/privacidade"
      },
      {
        "text": "- Sobre Nós",
        "url": "https://www.artestore.com.br/pages/sobre-nos"
      },
      {
        "text": "- Moda Sustentável, Eco Fashion e Eco Friendly",
        "url": "https://www.artestore.com.br/pages/moda-sustentavel-eco-fashion-e-eco-friendly"
      },
      {
        "text": "- Dicas de Como Escolher Sua Bolsa de Praia",
        "url": "https://www.artestore.com.br/pages/como-escolher-a-bolsa-de-praia"
      },
      {
        "text": "- Tipos de Palha e Outras Fibras Naturais",
        "url": "https://www.artestore.com.br/pages/tipos-de-palha-das-bolsas"
      },
      {
        "text": "- Dúvidas na Cor? Veja os significados",
        "url": "https://www.artestore.com.br/posts/duvidas-na-cor-veja-o-seus-significados-2021-02-26"
      },
      {
        "text": "- Tipos de Bolsas, modelos e conceitos",
        "url": "https://www.artestore.com.br/posts/tipos-e-modelos-de-bolsas-2021-02-27"
      },
      {
        "text": "- Lenços e Echarpes, Dicas de Como Usar",
        "url": "https://www.artestore.com.br/pages/lencos-e-echarpes-como-usar"
      }
    ]
  },
  "links_2": {
    "list_categories": false,
    "title": "Nossos Produtos",
    "list": [
      {
        "text": "Bolsas de Praia",
        "url": "https://www.artestore.com.br/bolsas-de-praia/"
      },
      {
        "text": "Bolsas de Palha",
        "url": "https://www.artestore.com.br/bolsas-de-palha/"
      },
      {
        "text": "Bolsas com Madeira",
        "url": "https://www.artestore.com.br/bolsas-com-madeira/"
      },
      {
        "text": "Clutch e Carteiras",
        "url": "https://www.artestore.com.br/clutches-e-carteiras/"
      },
      {
        "text": "Lenços e Echarpes",
        "url": "https://www.artestore.com.br/lencos-echarpes-cachecois-pashminas/"
      },
      {
        "text": "Pulseiras de Couro",
        "url": "https://www.artestore.com.br/pulseira-masculina/"
      },
      {
        "text": "Chapéus e Boinas",
        "url": "https://www.artestore.com.br/chapeus-e-viseiras/"
      },
      {
        "text": "Bolsas em Fibras Naturais",
        "url": "https://www.artestore.com.br/fibras-naturais"
      }
    ]
  },
  "contacts": {
    "title": "Contatos",
    "phone_wpp": true,
    "socials": true,
    "email": true,
    "address": true
  },
  "stamps": [
    {
      "src": "/img/uploads/ssl-safe.png",
      "alt": "Secure connection"
    },
    {
      "src": "/img/uploads/selo-abcomm-arte.png",
      "alt": "Empresa Associada ABCOMM",
      "link": "http://abcomm.org/certificado.php?url= artestore.com.br"
    }
  ],
  "payment_methods": {
    "bb": false,
    "visa": false,
    "boleto": false,
    "aura": false,
    "banrisul": false,
    "elo": false,
    "hipercard": false,
    "hsbc": false,
    "bradesco": false,
    "santander": false,
    "mastercard": false,
    "paypal": false,
    "citibank": false,
    "mais": false,
    "itau": false
  },
  "credits": ""
}