{
  "marketing_stripe": {
    "text": "R$12,00 DE FRETE FIXO BRASIL NOS LENÇOS E JÓIAS",
    "link": ""
  },
  "contacts_stripe": {
    "pages": [
      {
        "title": "",
        "link": ""
      }
    ],
    "phone_wpp": false,
    "socials": false
  },
  "categories_list": {
    "featured": [
      "/todos-os-produtos?Todos os Produtos",
      "/bolsas-de-praia/?Bolsas",
      "/chapeus-e-viseiras/?Chapéus",
      "/clutches-e-carteiras/?Clutch e Carteiras",
      "/acessorios?Acessórios"
    ],
    "random": 6,
    "full_width": true
  },
  "search_input": true
}