{
  "meta_title": "Bolsas de Praia, Bolsas de Palha, Chapéus, Lenços e Acessórios",
  "meta_description": "Bolsas de palha carteiras e clutches em palha, moda sustentável. Acessórios para praia, chapéus e lenços. Delicado trabalho feito à mão por artesãos e artistas comprometidos com a beleza e sustentabilidade.",
  "sections": [
    {
      "type": "responsive-banner",
      "img": "/img/uploads/compre-e-ganhe-aromatizador.webp",
      "alt": "Compre e Ganhe um Aromatizador de Ambientes",
      "mobile_img": "/img/uploads/compre-e-ganhe-aromatizador-m.webp"
    },
    {
      "type": "info-bar",
      "enabled": true
    },
    {
      "type": "banners-grid",
      "banners": [
        {
          "img": "/img/uploads/categoria-bolsas.webp",
          "link": "https://www.artestore.com.br/bolsas-de-praia/"
        },
        {
          "img": "/img/uploads/categoria-clutches.webp",
          "link": "https://www.artestore.com.br/clutches-e-carteiras/"
        }
      ]
    },
    {
      "type": "banners-grid",
      "banners": [
        {
          "img": "/img/uploads/categoria-chapeus.webp",
          "link": "https://www.artestore.com.br/chapeus-e-viseiras/",
          "mobile_img": ""
        },
        {
          "img": "/img/uploads/categoria-acessorios.webp",
          "link": "https://www.artestore.com.br/acessorios"
        }
      ]
    },
    {
      "type": "collection-shelf",
      "shuffle": true,
      "collection_id": "5ec1a403126b0d057213ac2d:categories:Bolsas de Palha:/bolsas-de-palha/",
      "title": "As queridinhas das nossas clientes",
      "link": "https://www.artestore.com.br/bolsas-de-praia/",
      "sort": "sales",
      "limit": 5
    },
    {
      "type": "banners-grid",
      "banners": [
        {
          "img": "/img/uploads/banner-moda-qualidade-.webp",
          "mobile_img": "",
          "alt": "Moda Sustentável Bolsas de Praia"
        },
        {
          "img": "/img/uploads/pecas-artesanais-artestore-banner.webp",
          "alt": "Bolsas de Palha Artesanais Feitas à Mão",
          "mobile_img": ""
        }
      ]
    },
    {
      "type": "collection-shelf",
      "shuffle": true,
      "limit": 8,
      "page": 1,
      "collection_id": "5fdd60e969274c73fceac57c:collections:Clutches e Carteiras de Mão:/clutches-e-carteiras-de-mao",
      "sort": "lowest_price",
      "title": "Os Menores Preços",
      "link": "https://www.artestore.com.br/clutches-e-carteiras/"
    },
    {
      "type": "responsive-banner",
      "img": "/img/uploads/artestore-moda-sustentavel-banner.webp",
      "alt": "Artestore Moda Sustentável Peças Artesanais",
      "mobile_img": "/img/uploads/artestore-moda-sustentavel-banner-m.webp"
    },
    {
      "type": "page-title",
      "title": "Artestore Bolsas de Palha Feitas à Mão | Moda Sustentável",
      "description": ""
    },
    {
      "type": "custom-html",
      "html": "<h4 class=\"products-carousel__title\"><a href=\"javascript;:\">O QUE DIZEM NOSSOS CLIENTES</a></h4>"
    },
    {
      "type": "custom-html",
      "html": "<!-- Trustvox --><script type=\"text/javascript\" src=\"//colt.trustvox.com.br/colt.min.js\"></script><script>var _trustvox_colt = _trustvox_colt || [];_trustvox_colt.push(['_storeId', '1507'], ['_limit', '9']);</script><!-- /Trustvox --><div id=\"_trustvox_colt\"></div>"
    },
    {
      "type": "custom-html",
      "html": "<h4 class=\"products-carousel__title\"><a href=\"javascript;:\">NOSSO COMPROMISSO</a></h4>"
    },
    {
      "type": "banners-grid",
      "banners": [
        {
          "img": "/img/uploads/feito-a-mao.png",
          "alt": "Artestore - Feito a mão",
          "link": ""
        },
        {
          "img": "/img/uploads/reproveitamento.png",
          "alt": "Artestore - Reaproveitamento",
          "link": ""
        },
        {
          "img": "/img/uploads/preco-justo.png",
          "alt": "Artestore - Preço Justo",
          "link": ""
        },
        {
          "img": "/img/uploads/pet-friendly.png",
          "alt": "Artestore - Pet Friendly",
          "link": ""
        },
        {
          "img": "/img/uploads/selo-artestore-qualidade.png",
          "alt": "Artestore - garantia de qualidade"
        },
        {
          "img": "/img/uploads/marca-registrada.png",
          "alt": "Artestore - Marca Registrada"
        }
      ]
    }
  ]
}