{
  "body": "<h1>Como Escolher a Bolsa de Praia?</h1>\n\n<h2>Dicas de como escolher a melhor bolsa de praia</h2>\n\nSão várias as características interessantes de se analisar para escolher a bolsa de praia mais adequada pra nós. O quesito beleza é o mais atrativo, quanto mais bonita ela for, mais nos sentiremos bem, afinal aquele elogio de como nossa bolsa de praia é linda é sempre bem vindo. Outro aspecto importante é o tamanho, devemos ter em mente o que gostamos de levar a praia, são muitas coisas? Queremos levar tudo na bolsa? Temos crianças? Temos animais de estimação que irão junto? Enfim, são muitas perguntas, mas pelo menos o protetor solar e uma garrafinha de água, é certo, que temos que levar. Muitas pessoas gostam também de levar a canga e toalha, a necessaire de maquiagem, às vezes é item essencial para algumas de nós. Até aí, já temos uma noção do tamanho que vamos precisar.\n\nNão menos importante na hora da escolha é a qualidade da bolsa de praia e o material que ela é feita. Já usamos muito couro, material sintético e tecido no dia-a-dia, então para ir à praia, a bolsa de palha é a melhor opção, combina em todos os sentidos e é a nossa chance de usar peças únicas, criativas e originais. A palha sempre remeterá ao frescor da praia e praticidade, sempre lembrada também como sacola de compras, nas idas ao campo, quem nunca imaginou uma sacola de palha cheia de flores? A cara do campo. Assim como é a cara da praia, junto com um belíssimo chapéu de palha não tem erro na escolha. \n\nA limpeza da palha também é simples, a areia sai rapidinho e não precisamos molhar e nem lavar nossa bolsa de praia para isso. No máximo um pano úmido quando termina o verão para guardarmos para o verão seguinte. Pra quem mora em regiões quentes o ano todo ela estará sempre à mão sem precisar de cuidados especiais. O mais adequado é não molhar ou se molhar secar logo, para que as fibras naturais não sofram ação da água por muito tempo.\n\nCitamos o quesito qualidade, bom, nesse aspecto é sempre bom verificar se a bolsa possui zíper, verificar se esse é de qualidade, às vezes a bolsa de palha é baratinha, mas tem o forro de tecido inferior e metais de baixa qualidade que irão oxidar, então isso deve ser observado para que não seja uma peça descartável, afinal um dos pilares do consumo consciente é investir em peças de qualidade e com design atemporal, assim não ficaremos refém do consumo e desperdiçando recursos naturais desnecessariamente, a natureza agradece. Se a bolsa é mais rústica e o fechamento é com palha mesmo e não possui forro aí é só confiar na marca e nos artesãos para ter certeza que o trançado da palha foi bem feito e que a palha seja de qualidade, nesse caso da qualidade da palha refere-se mais a se o artesão fez o processo correto de secagem da palha e se a palha é durável em sua natureza, varia de tipo de palha. Temos [aqui no site](https://www.artestore.com.br/pages/tipos-de-palha-das-bolsas), inclusive, uma breve descrição das características de cada palha mais comumente usadas para a confecção de bolsas de praia.\n\nPara viagens de férias ou final de semana onde também teremos a noite nesse ambiente adorável que é a praia, temos que pensar que precisaremos de uma bolsa para a noite nesse caso as menores, a tiracolo ou de mão são as mais adequadas. As mais estruturadas e com mais detalhes, em metal ou couro também são uma boa pedida. Como a bolsa de praia para a noite dificilmente será molhada, a menos que a gente dê aquela pulada de ondinhas na madrugada, ela pode ser mais sofisticada e as opções são muitas. A mistura de materiais também, mas essa mistura precisa ter a palha como o material predominante porque estar na praia e abrir mão da palha não é uma escolha das mais inteligentes. Imagina você naquele restaurante ao ar livre, num ambiente descontraído que é a praia e de repente estar usando uma bolsa de couro, fica parecendo que você não planejou essa viagem com carinho e que pegou o que usa no dia a dia e só foi de qualquer jeito, sem ter a chance de estar com o visual harmonizando com o local que se escolheu justamente para se sentir bem e sabemos, que nos sentirmos bonitas ajuda e muito nessa sensação de bem estar.\n\nObservado tudo isso, é só escolher a mais adequada a sua expectativa e uso e “partiu praia”!!!!\n\n[Veja aqui todos os nossos modelos de bolsas de praia!](https://www.artestore.com.br/bolsas-de-praia/)",
  "title": "Dicas de Como Escolher a Melhor Bolsa de Praia",
  "meta_title": "Como Escolher a Bolsa de Praia?",
  "meta_description": "Dicas de como escolher a melhor bolsa de praia São várias as características interessantes de se analisar para escolher a bolsa de praia mais adequada pra nós. Aqui citaremos alguns fatores importantes a serem observados na hora da escolha de qual a melhor bolsa de praia para você.",
  "sections": [
    {
      "type": "responsive-banner",
      "img": "/img/uploads/bolsa-de-praia-como-escolher.webp",
      "link": "https://www.artestore.com.br/bolsas-de-praia/",
      "alt": "Dicas de Como Escolher a Melhor Bolsa de Praia",
      "mobile_img": "/img/uploads/dicas-de-como-escolher-a-bolsa-de-praia.webp"
    },
    {
      "type": "extra-page",
      "enabled": true
    },
    {
      "type": "collection-shelf",
      "shuffle": true,
      "collection_id": "5ec2faa8126b0d057213d0d1",
      "title": "Veja aqui todas as nossas bolsas de praia",
      "link": "https://www.artestore.com.br/bolsas-de-praia/"
    }
  ]
}