{
  "title": "Lenços, Como e Onde Usar",
  "body": "Dicas de como usar os lenços, echarpes e pashminas, seguindo seu estilo. Os lenços sempre agregam uma elegância ao visual e agora que é tendência na moda podemos usar e abusar desses acessórios tão coloridos e charmosos.\n\n# Lenços, Bandanas e Echarpes, como usar\n\nOs [lenços](https://www.artestore.com.br/search?term=len%C3%A7o) podem compor vários looks e sempre dará um toque extra de elegância e charme. As [echarpes](https://www.artestore.com.br/search?term=echarpe) podem ser usadas em qualquer situação e ainda combinarem com a mudança de clima, no caso de dias mais frios será uma proteção a mais no pescoço. Com sua variedade de estampas ou cores lisas, garante a sofisticação para encarar qualquer evento, desde os mais casuais aos mais formais.\n\nApesar de ser mais habitual o uso de lenços e echarpes no pescoço, eles são muito versáteis, o acessório pode ser usado no cabelo, na cintura como cinto, nas alças das bolsas, no pulso, no pescoço como colar e onde mais sua criatividade mandar, mas uma coisa é certe, ele sempre incrementará o look desde os mais básicos dando um tom despojado aos mais elaborados atribuindo charme, elegância e sofisticação ao visual.\n\nAh, e uma dica importante das estilistas: o lenço não precisa combinar com a roupa, normalmente esse acessório será a peça mais colorida e estampada do look se esse for sóbrio, ou o contrário, uma cor sóbria se o look for estampado. Tecidos mais leves e fluidos são mais fáceis de usar em todas as estações do ano.\n\n[Escolha aqui os seus preferidos, veja todos os nossos modelos!](https://www.artestore.com.br/lencos-echarpes-cachecois-pashminas/)",
  "meta_title": "Lenços, Bandanas, Pashmina e Echarpes, como usar o acessório",
  "meta_description": "Lenço e Echarpe, como usar? qual a diferença entre lenço e echarpe? tipos de tecidos, cores ou estampados?",
  "sections": [
    {
      "type": "responsive-banner",
      "img": "/img/uploads/lenco-bandana-echarpe-pashmina-como-usar_1.webp",
      "link": "https://www.artestore.com.br/lencos-echarpes-cachecois-pashminas/",
      "alt": "Lenço, Bandana, Pashmina e Echarpe, como usar",
      "mobile_img": "/img/uploads/dicas-de-como-usar-lencos.webp"
    },
    {
      "type": "extra-page",
      "enabled": true
    },
    {
      "type": "collection-shelf",
      "shuffle": true,
      "collection_id": "5ec2ff0d126b0d057213d120",
      "title": "Ver todos os lenços e echarpes",
      "link": "https://www.artestore.com.br/lencos-echarpes-cachecois-pashminas/"
    }
  ]
}