{
  "title": "Moda Sustentável, Eco Fashion e Eco Friendly",
  "body": "<h1>Moda Sustentável, Eco Fashion e Eco Friendly</h1>\n\n### O que é isso?\n\nModa sustentável ou eco fashion é o conceito que abrange vários fatores durante a produção das peças e ao consumo da moda. Não só na preservação do meio ambiente, com a diminuição de danos ambientais, mas também, e não menos importante, o aspecto social que abrange a mão de obra, ou seja, a parte humana que faz parte de toda cadeia de produção até a peça chegar ao consumidor. \n\nE aí que chegamos, nós da Artestore, além de usar fibras naturais na produção das bolsas de palha, as nossas peças são feitas por artesãos, desde aqueles que fazem a coleta e o trançado e tramas até os que fazem a confecção da bolsa propriamente dita. O respeito pelo trabalho artesanal, a valorização dessa arte utilizada por diferentes povos, de diferentes culturas e origens tem que ser, e é valorizada por nós. A geração de renda para famílias de regiões ribeirinhas e do interior do nordeste depende dessa arte e de suas mãos para o sustento de suas famílias. \n\nNesse momento que a moda valoriza tanto o artesanal, é a hora e a vez de evidenciarmos essa arte e essas mãos tão talentosas, não só mostrando sua arte, fazendo-a chegar as mãos do consumidor, mas principalmente o nosso papel é proporcionar o crescimento e sucesso profissional desses artistas desconhecidos.\n\nOutro fator importante é o conceito de peças não descartáveis, que podem ser usadas por longo período de tempo, pra isso a peça precisa ter qualidade e design atemporal para que não seja apenas uma moda passageira, que meses depois, será descartada. Esse é outro ponto que sempre levamos em consideração na criação de nossos modelos.\n\nOutro conceito muito falado na moda é o eco friendly, que nada mais é que ser amigo do meio ambiente, simpatizante ou atuante nas causas ambientais e sociais. O ciclo de sustentabilidade não se fecha, vai desde a produção com o mínimo de impacto ambiental, ao aspecto social e chega ao consumidor que busca um produto que seja o mais correto possível, nesses aspectos que ele acredita e valoriza, na escolha do que consumir. \nÉ com a consciência de todos nós que podemos construir um mundo melhor.",
  "meta_title": "O que é Moda Sustentável, Eco Fashion e Eco Friendly?",
  "meta_description": "Os conceitos de moda sustentável, o que o produto precisa ser e ter pra ser sustentável, quais aspectos devo procurar num produto sustentável, é possível fazer e consumir moda com sustentabilidade?",
  "sections": [
    {
      "type": "responsive-banner",
      "img": "/img/uploads/moda-praia-sustentavel.webp",
      "alt": "O que é Moda Sustentável, Eco Fashion e Eco Friendly?",
      "mobile_img": "/img/uploads/moda-sustentavel-trabalha-artesanal.webp"
    },
    {
      "type": "extra-page",
      "enabled": true
    }
  ]
}